<?xml version="1.0" encoding="UTF-8"?>
<!DOCTYPE mapper 
          PUBLIC "-//mybatis.org/DTD Mapper 3.0//EN" 
          "http://mybatis.org/dtd/mybatis-3-mapper.dtd" >
          
<mapper namespace="myMember">

	<select id="login" parameterType="Member"
	        resultType="Member">		
		<![CDATA[
			SELECT memberId, memberName , memberPw
			FROM  members
			WHERE memberId = #{memberId} and memberPw = #{memberPw}
		]]>
	</select>
	
	<select id="NewBoard" parameterType="Member"
	        resultType="Member">		
		<![CDATA[
			SELECT memberId, memberName 
			FROM  members
			WHERE memberId = #{memberId}
		]]>
	</select>
	
	<select id="ConfirmMember" parameterType="Member"
	        resultType="Member">		
		<![CDATA[
			SELECT memberId, memberName , memberPw
			FROM  members
			WHERE memberId = #{memberId} and memberName = #{memberName} and memberPw = #{memberPw} 
		]]>
	</select>
	
	<insert id="RegisterMember" parameterType="Member">
		<![CDATA[
			INSERT INTO members (memberId,memberName, memberPw)
			VALUES (#{memberId},#{memberName},#{memberPw})
		]]>
	</insert>
	
	<update id="EditMember" parameterType="Member">
		<![CDATA[
			UPDATE members 
			SET memberName = #{memberName}, memberPw = #{memberPw}
			WHERE memberId = #{memberId}
		]]>
	</update>
	
	<delete id="DeleteMember" parameterType="Member">
		<![CDATA[
			DELETE FROM members
			WHERE memberId = #{memberId}
		]]>
	</delete>

</mapper>
