<?xml version="1.0" encoding="UTF-8"?>
<!DOCTYPE configuration 
          PUBLIC "-//mybatis.org/DTD Config 3.0//EN" 
          "http://mybatis.org/dtd/mybatis-3-config.dtd" >
<configuration>

	<properties resource="./driver.properties" />

	<settings>
		<setting name="jdbcTypeForNull" value="NULL" />
	</settings>

	<typeAliases>
		<typeAlias type="member.vo.Member" alias="Member" />
		<typeAlias type="board.vo.Board" alias="Board" />
		<typeAlias type="board.vo.BoardName" alias="BoardName" />
		<typeAlias type="comment.vo.Comment" alias="Comment" />
		<typeAlias type="board.vo.LikeBoard" alias="LikeBoard" />
	</typeAliases>

	<environments default="development">
		<environment id="development">

			<transactionManager type="JDBC">

			</transactionManager>
			<dataSource type="POOLED">

				<property name="driver" value="${driver}" />
				<property name="url" value="${url}" />
				<property name="username" value="${user}" />
				<property name="password" value="${password}" />

			</dataSource>
		</environment>
	</environments>


	<mappers>
		<mapper resource="./sqlmap/Member.xml" />
		<mapper resource="./sqlmap/Board.xml" />
		<mapper resource="./sqlmap/BoardName.xml" />
		<mapper resource="./sqlmap/Comment.xml" />
		<mapper resource="./sqlmap/LikeBoard.xml" />
	</mappers>


</configuration>
